"name","handedness","height","weight","avg","HR","weight_bucket","height_bucket","avg_bucket","dexterity"
"Denny Lemaster","R",73,182,0.13,4,"(162,185]","(71,74]","(0.104,0.16]",1
"Joe Nolan","L",71,175,0.263,27,"(162,185]","(68,71]","(0.216,0.272]",2
"Denny Doyle","L",69,175,0.25,16,"(162,185]","(68,71]","(0.216,0.272]",2
"Jose Cardenal","R",70,150,0.275,138,"(140,162]","(68,71]","(0.272,0.328]",1
"Mike Ryan","R",74,205,0.193,28,"(185,208]","(71,74]","(0.16,0.216]",1
"Fritz Peterson","B",72,185,0.159,2,"(162,185]","(71,74]","(0.104,0.16]",3
"Dick Bertell","R",72,200,0.25,10,"(185,208]","(71,74]","(0.216,0.272]",1
"Rod Kanehl","R",73,180,0.241,6,"(162,185]","(71,74]","(0.216,0.272]",1
"Juan Bonilla","R",69,170,0.256,7,"(162,185]","(68,71]","(0.216,0.272]",1
"Frank Tepedino","L",71,185,0.241,6,"(162,185]","(68,71]","(0.216,0.272]",2
"Rick Wise","R",73,180,0.195,15,"(162,185]","(71,74]","(0.16,0.216]",1
"Darrell Evans","L",74,200,0.248,414,"(185,208]","(71,74]","(0.216,0.272]",2
"Buck Martinez","R",70,190,0.225,58,"(185,208]","(68,71]","(0.216,0.272]",1
"John Wockenfuss","R",72,190,0.262,86,"(185,208]","(71,74]","(0.216,0.272]",1
"Tommy McCraw","L",72,183,0.246,75,"(162,185]","(71,74]","(0.216,0.272]",2
"Lee Lacy","R",73,175,0.286,91,"(162,185]","(71,74]","(0.272,0.328]",1
"Pete Rose","B",71,192,0.303,160,"(185,208]","(68,71]","(0.272,0.328]",3
"Danny Walton","R",72,195,0.223,28,"(185,208]","(71,74]","(0.216,0.272]",1
"Bobby Cox","R",71,180,0.225,9,"(162,185]","(68,71]","(0.216,0.272]",1
"Brad Wellman","R",72,170,0.231,6,"(162,185]","(71,74]","(0.216,0.272]",1
"Jeff Newman","R",74,215,0.224,63,"(208,230]","(71,74]","(0.216,0.272]",1
"Pedro Gonzalez","R",72,176,0.244,8,"(162,185]","(71,74]","(0.216,0.272]",1
"Tommie Reynolds","R",74,190,0.226,12,"(185,208]","(71,74]","(0.216,0.272]",1
"Gene Clines","R",69,170,0.277,5,"(162,185]","(68,71]","(0.272,0.328]",1
"Jim Hickman","R",75,192,0.252,159,"(185,208]","(74,77]","(0.216,0.272]",1
"Jerry Buchek","R",71,185,0.22,22,"(162,185]","(68,71]","(0.216,0.272]",1
"Ivan DeJesus","R",71,175,0.254,21,"(162,185]","(68,71]","(0.216,0.272]",1
"Gary Nolan","R",74,197,0.138,1,"(185,208]","(71,74]","(0.104,0.16]",1
"Fred Whitfield","L",73,190,0.253,108,"(185,208]","(71,74]","(0.216,0.272]",2
"Larry Dierker","R",76,215,0.136,4,"(208,230]","(74,77]","(0.104,0.16]",1
"Dave Skaggs","R",74,200,0.241,3,"(185,208]","(71,74]","(0.216,0.272]",1
"Dick Ruthven","R",75,190,0.183,1,"(185,208]","(74,77]","(0.16,0.216]",1
"Dave Kingman","R",78,210,0.236,442,"(208,230]","(77,80]","(0.216,0.272]",1
"Eric Soderholm","R",71,187,0.264,102,"(185,208]","(68,71]","(0.216,0.272]",1
"Ed Brinkman","R",72,170,0.224,60,"(162,185]","(71,74]","(0.216,0.272]",1
"Wayne Garrett","L",71,175,0.239,61,"(162,185]","(68,71]","(0.216,0.272]",2
"Tony Muser","L",74,180,0.259,7,"(162,185]","(71,74]","(0.216,0.272]",2
"Ted Ford","R",70,180,0.219,17,"(162,185]","(68,71]","(0.216,0.272]",1
"Jim Lyttle","L",72,180,0.248,9,"(162,185]","(71,74]","(0.216,0.272]",2
"Scot Thompson","L",75,195,0.262,5,"(185,208]","(74,77]","(0.216,0.272]",2
"Gene Locklear","L",70,165,0.274,9,"(162,185]","(68,71]","(0.272,0.328]",2
"Bo Diaz","R",71,185,0.255,87,"(162,185]","(68,71]","(0.216,0.272]",1
"Bump Wills","B",69,172,0.266,36,"(162,185]","(68,71]","(0.216,0.272]",3
"Pat Putnam","L",72,205,0.255,63,"(185,208]","(71,74]","(0.216,0.272]",2
"Kurt Bevacqua","R",72,180,0.236,27,"(162,185]","(71,74]","(0.216,0.272]",1
"Syd O'Brien","R",73,185,0.23,24,"(162,185]","(71,74]","(0.216,0.272]",1
"Chris Chambliss","L",73,195,0.279,185,"(185,208]","(71,74]","(0.272,0.328]",2
"Tom Satriano","L",73,185,0.225,21,"(162,185]","(71,74]","(0.216,0.272]",2
"Jeffrey Leonard","R",74,200,0.266,144,"(185,208]","(71,74]","(0.216,0.272]",1
"Dal Maxvill","R",71,157,0.217,6,"(140,162]","(68,71]","(0.216,0.272]",1
"Cesar Tovar","R",69,155,0.278,46,"(140,162]","(68,71]","(0.272,0.328]",1
"Jack Heidemann","R",72,175,0.211,9,"(162,185]","(71,74]","(0.16,0.216]",1
"Rich Rollins","R",70,185,0.269,77,"(162,185]","(68,71]","(0.216,0.272]",1
"Walt Bond","L",79,228,0.256,41,"(208,230]","(77,80]","(0.216,0.272]",2
"Merv Rettenmund","R",70,190,0.271,66,"(185,208]","(68,71]","(0.216,0.272]",1
"Byron Browne","R",74,190,0.236,30,"(185,208]","(71,74]","(0.216,0.272]",1
"Hector Torres","R",72,175,0.216,18,"(162,185]","(71,74]","(0.16,0.216]",1
"Walt Williams","R",66,165,0.27,33,"(162,185]","(65,68]","(0.216,0.272]",1
"Jerry Koosman","R",74,205,0.119,2,"(185,208]","(71,74]","(0.104,0.16]",1
"Steve Lombardozzi","R",72,175,0.233,20,"(162,185]","(71,74]","(0.216,0.272]",1
"Joe Azcue","R",72,190,0.252,50,"(185,208]","(71,74]","(0.216,0.272]",1
"Elliott Maddox","R",71,180,0.261,18,"(162,185]","(68,71]","(0.216,0.272]",1
"Omar Moreno","L",74,180,0.252,37,"(162,185]","(71,74]","(0.216,0.272]",2
"Julian Javier","R",73,175,0.257,78,"(162,185]","(71,74]","(0.216,0.272]",1
"Elio Chacon","R",69,160,0.232,4,"(140,162]","(68,71]","(0.216,0.272]",1
"Rusty Torres","B",70,175,0.212,35,"(162,185]","(68,71]","(0.16,0.216]",3
"John Stearns","R",72,185,0.26,46,"(162,185]","(71,74]","(0.216,0.272]",1
"Larry Brown","R",70,160,0.233,47,"(140,162]","(68,71]","(0.216,0.272]",1
"Tommy Dean","R",72,165,0.18,4,"(162,185]","(71,74]","(0.16,0.216]",1
"Bruce Boisclair","L",74,185,0.263,10,"(162,185]","(71,74]","(0.216,0.272]",2
"Ken Singleton","B",76,210,0.282,246,"(208,230]","(74,77]","(0.272,0.328]",3
"Frank White","R",71,165,0.255,160,"(162,185]","(68,71]","(0.216,0.272]",1
"Jim Fairey","L",70,190,0.235,7,"(185,208]","(68,71]","(0.216,0.272]",2
"Tom Brookens","R",70,165,0.246,71,"(162,185]","(68,71]","(0.216,0.272]",1
"Gary Thomasson","L",73,180,0.249,61,"(162,185]","(71,74]","(0.216,0.272]",2
"Otto Velez","R",72,170,0.251,78,"(162,185]","(71,74]","(0.216,0.272]",1
"Tony Scott","B",72,164,0.249,17,"(162,185]","(71,74]","(0.216,0.272]",3
"Ray Oyler","R",71,165,0.175,15,"(162,185]","(68,71]","(0.16,0.216]",1
"Floyd Robinson","L",69,175,0.283,67,"(162,185]","(68,71]","(0.272,0.328]",2
"Steve Jeltz","B",71,180,0.21,5,"(162,185]","(68,71]","(0.16,0.216]",3
"Lou Brock","L",71,170,0.293,149,"(162,185]","(68,71]","(0.272,0.328]",2
"Joe Lovitto","B",72,185,0.216,4,"(162,185]","(71,74]","(0.16,0.216]",3
"Wayne Comer","R",70,175,0.229,16,"(162,185]","(68,71]","(0.216,0.272]",1
"Dave Collins","B",71,175,0.272,32,"(162,185]","(68,71]","(0.216,0.272]",3
"Ed Spiezio","R",71,180,0.238,39,"(162,185]","(68,71]","(0.216,0.272]",1
"Rico Petrocelli","R",72,175,0.251,210,"(162,185]","(71,74]","(0.216,0.272]",1
"Johnny Lewis","L",73,189,0.227,22,"(185,208]","(71,74]","(0.216,0.272]",2
"Dick Simpson","R",76,176,0.207,15,"(162,185]","(74,77]","(0.16,0.216]",1
"Ken Boswell","L",72,170,0.248,31,"(162,185]","(71,74]","(0.216,0.272]",2
"Ken McMullen","R",75,190,0.248,156,"(185,208]","(74,77]","(0.216,0.272]",1
"Steve Swisher","R",74,205,0.216,20,"(185,208]","(71,74]","(0.16,0.216]",1
"Dick Howser","R",68,155,0.248,16,"(140,162]","(65,68]","(0.216,0.272]",1
"Manny Castillo","B",69,160,0.242,3,"(140,162]","(68,71]","(0.216,0.272]",3
"Mike Ramsey","B",73,170,0.24,2,"(162,185]","(71,74]","(0.216,0.272]",3
"Willie Crawford","L",73,197,0.268,86,"(185,208]","(71,74]","(0.216,0.272]",2
"Willie Norwood","R",72,185,0.242,18,"(162,185]","(71,74]","(0.216,0.272]",1
"Jeff Stone","L",72,175,0.277,11,"(162,185]","(71,74]","(0.272,0.328]",2
"Joe Lahoud","L",73,198,0.223,65,"(185,208]","(71,74]","(0.216,0.272]",2
"Tim Flannery","L",71,175,0.255,9,"(162,185]","(68,71]","(0.216,0.272]",2
"Dave McKay","B",73,195,0.229,21,"(185,208]","(71,74]","(0.216,0.272]",3
"Benny Ayala","R",73,185,0.251,38,"(162,185]","(71,74]","(0.216,0.272]",1
"Greg Gross","L",70,160,0.287,7,"(140,162]","(68,71]","(0.272,0.328]",2
"Sal Butera","R",72,190,0.227,8,"(185,208]","(71,74]","(0.216,0.272]",1
"Jack Brohamer","L",70,165,0.245,30,"(162,185]","(68,71]","(0.216,0.272]",2
"Von Joshua","L",70,170,0.273,30,"(162,185]","(68,71]","(0.272,0.328]",2
"Eddie Milner","L",71,173,0.253,42,"(162,185]","(68,71]","(0.216,0.272]",2
"Johnny Jeter","R",73,180,0.244,18,"(162,185]","(71,74]","(0.216,0.272]",1
"Angel Salazar","R",72,180,0.212,2,"(162,185]","(71,74]","(0.16,0.216]",1
"Tony Oliva","L",73,175,0.304,220,"(162,185]","(71,74]","(0.272,0.328]",2
"Cito Gaston","R",75,190,0.256,91,"(185,208]","(74,77]","(0.216,0.272]",1
"Cookie Rojas","R",70,160,0.263,54,"(140,162]","(68,71]","(0.216,0.272]",1
"Rich Morales","R",71,170,0.195,6,"(162,185]","(68,71]","(0.16,0.216]",1
"Dan Ford","R",73,185,0.27,121,"(162,185]","(71,74]","(0.216,0.272]",1
"Darryl Motley","R",69,196,0.243,44,"(185,208]","(68,71]","(0.216,0.272]",1
"Ozzie Virgil","R",73,180,0.243,98,"(162,185]","(71,74]","(0.216,0.272]",1
"Johnny Oates","L",71,188,0.25,14,"(185,208]","(68,71]","(0.216,0.272]",2
"Mike Phillips","L",72,170,0.24,11,"(162,185]","(71,74]","(0.216,0.272]",2
"Ron Santo","R",72,190,0.277,342,"(185,208]","(71,74]","(0.272,0.328]",1
"Jay Johnstone","L",73,175,0.267,102,"(162,185]","(71,74]","(0.216,0.272]",2
"Jim Ray Hart","R",71,185,0.278,170,"(162,185]","(68,71]","(0.272,0.328]",1
"Marc Hill","R",75,205,0.223,34,"(185,208]","(74,77]","(0.216,0.272]",1
"Chico Salmon","R",70,160,0.249,31,"(140,162]","(68,71]","(0.216,0.272]",1
"Joe Niekro","R",73,185,0.156,1,"(162,185]","(71,74]","(0.104,0.16]",1
"Andy Etchebarren","R",73,190,0.235,49,"(185,208]","(71,74]","(0.216,0.272]",1
"Ken Berry","R",72,175,0.255,58,"(162,185]","(71,74]","(0.216,0.272]",1
"Dave Concepcion","R",74,155,0.267,101,"(140,162]","(71,74]","(0.216,0.272]",1
"Junior Moore","R",71,185,0.264,7,"(162,185]","(68,71]","(0.216,0.272]",1
"Mike Richardt","R",72,170,0.226,4,"(162,185]","(71,74]","(0.216,0.272]",1
"Chris Brown","R",72,185,0.269,38,"(162,185]","(71,74]","(0.216,0.272]",1
"Al Bumbry","L",68,170,0.281,54,"(162,185]","(65,68]","(0.272,0.328]",2
"Al Downing","R",71,175,0.127,2,"(162,185]","(68,71]","(0.104,0.16]",1
"Jake Gibbs","L",72,180,0.233,25,"(162,185]","(71,74]","(0.216,0.272]",2
"Garry Hancock","L",72,175,0.247,12,"(162,185]","(71,74]","(0.216,0.272]",2
"Ed Kranepool","L",75,205,0.261,118,"(185,208]","(74,77]","(0.216,0.272]",2
"Rick Rhoden","R",75,195,0.238,9,"(185,208]","(74,77]","(0.216,0.272]",1
"Denny McLain","R",73,185,0.133,1,"(162,185]","(71,74]","(0.104,0.16]",1
"Chuck Hiller","L",71,170,0.243,20,"(162,185]","(68,71]","(0.216,0.272]",2
"Jorge Orta","L",70,170,0.278,130,"(162,185]","(68,71]","(0.272,0.328]",2
"Dave Cash","R",71,170,0.283,21,"(162,185]","(68,71]","(0.272,0.328]",1
"Bucky Dent","R",69,170,0.247,40,"(162,185]","(68,71]","(0.216,0.272]",1
"Tony Gonzalez","L",69,170,0.286,103,"(162,185]","(68,71]","(0.272,0.328]",2
"Larry Haney","R",74,195,0.215,12,"(185,208]","(71,74]","(0.16,0.216]",1
"Billy Conigliaro","R",72,180,0.256,40,"(162,185]","(71,74]","(0.216,0.272]",1
"Gary Roenicke","R",75,205,0.247,121,"(185,208]","(74,77]","(0.216,0.272]",1
"Don Lock","R",74,195,0.238,122,"(185,208]","(71,74]","(0.216,0.272]",1
"Billy Cowan","R",72,170,0.236,40,"(162,185]","(71,74]","(0.216,0.272]",1
"Billy Smith","B",74,185,0.23,17,"(162,185]","(71,74]","(0.216,0.272]",3
"Tony Perez","R",74,175,0.279,379,"(162,185]","(71,74]","(0.272,0.328]",1
"Chuck Schilling","R",70,160,0.239,23,"(140,162]","(68,71]","(0.216,0.272]",1
"Hal McRae","R",71,180,0.29,191,"(162,185]","(68,71]","(0.272,0.328]",1
"Dave Roberts","R",75,215,0.239,49,"(208,230]","(74,77]","(0.216,0.272]",1
"Jim Lefebvre","B",72,180,0.251,74,"(162,185]","(71,74]","(0.216,0.272]",3
"Charlie Spikes","R",75,215,0.246,65,"(208,230]","(74,77]","(0.216,0.272]",1
"Steve Whitaker","L",72,180,0.23,24,"(162,185]","(71,74]","(0.216,0.272]",2
"Manny Jimenez","L",73,185,0.272,26,"(162,185]","(71,74]","(0.216,0.272]",2
"Duffy Dyer","R",72,187,0.221,30,"(185,208]","(71,74]","(0.216,0.272]",1
"Ken Henderson","B",74,180,0.257,122,"(162,185]","(71,74]","(0.216,0.272]",3
"Vern Fuller","R",73,170,0.232,14,"(162,185]","(71,74]","(0.216,0.272]",1
"Wayne Gross","L",74,210,0.233,121,"(208,230]","(71,74]","(0.216,0.272]",2
"Mike Champion","R",72,185,0.229,2,"(162,185]","(71,74]","(0.216,0.272]",1
"Paul Casanova","R",76,180,0.225,50,"(162,185]","(74,77]","(0.216,0.272]",1
"Terry Crowley","L",72,180,0.25,42,"(162,185]","(71,74]","(0.216,0.272]",2
"Horace Clarke","B",69,170,0.256,27,"(162,185]","(68,71]","(0.216,0.272]",3
"Lou Clinton","R",73,185,0.247,65,"(162,185]","(71,74]","(0.216,0.272]",1
"Larry Cox","R",70,178,0.221,12,"(162,185]","(68,71]","(0.216,0.272]",1
"Nate Colbert","R",74,190,0.243,173,"(185,208]","(71,74]","(0.216,0.272]",1
"Phil Roof","R",74,190,0.215,43,"(185,208]","(71,74]","(0.16,0.216]",1
"Chuck Hinton","R",73,180,0.264,113,"(162,185]","(71,74]","(0.216,0.272]",1
"Tim Cullen","R",73,185,0.22,9,"(162,185]","(71,74]","(0.216,0.272]",1
"Tim Harkness","L",74,182,0.235,14,"(162,185]","(71,74]","(0.216,0.272]",2
"Rick Bosetti","R",71,185,0.25,17,"(162,185]","(68,71]","(0.216,0.272]",1
"Ron Pruitt","R",72,185,0.269,12,"(162,185]","(71,74]","(0.216,0.272]",1
"George Foster","R",73,180,0.274,348,"(162,185]","(71,74]","(0.272,0.328]",1
"Jerry White","B",70,164,0.253,21,"(162,185]","(68,71]","(0.216,0.272]",3
"Angel Mangual","R",70,178,0.245,22,"(162,185]","(68,71]","(0.216,0.272]",1
"Ken Gerhart","R",72,190,0.221,24,"(185,208]","(71,74]","(0.216,0.272]",1
"Mike Hershberger","R",70,175,0.252,26,"(162,185]","(68,71]","(0.216,0.272]",1
"Jim French","L",68,180,0.196,5,"(162,185]","(65,68]","(0.16,0.216]",2
"Dave Roberts","L",75,195,0.194,7,"(185,208]","(74,77]","(0.16,0.216]",2
"Jim Mason","L",74,185,0.203,12,"(162,185]","(71,74]","(0.16,0.216]",2
"Willie Smith","L",72,182,0.248,46,"(162,185]","(71,74]","(0.216,0.272]",2
"Jose Arcia","R",75,170,0.215,1,"(162,185]","(74,77]","(0.16,0.216]",1
"Leon Durham","L",73,185,0.277,147,"(162,185]","(71,74]","(0.272,0.328]",2
"Paul Householder","B",72,180,0.236,29,"(162,185]","(71,74]","(0.216,0.272]",3
"Aurelio Rodriguez","R",70,180,0.237,124,"(162,185]","(68,71]","(0.216,0.272]",1
"Jimmy Stewart","B",72,165,0.237,8,"(162,185]","(71,74]","(0.216,0.272]",3
"Dick Phillips","L",72,180,0.229,12,"(162,185]","(71,74]","(0.216,0.272]",2
"Andres Thomas","R",73,170,0.234,42,"(162,185]","(71,74]","(0.216,0.272]",1
"Mike de la Hoz","R",71,175,0.251,25,"(162,185]","(68,71]","(0.216,0.272]",1
"Frank Taveras","R",72,155,0.255,2,"(140,162]","(71,74]","(0.216,0.272]",1
"Joe Nossek","R",72,178,0.228,3,"(162,185]","(71,74]","(0.216,0.272]",1
"Larry Stahl","L",72,175,0.232,36,"(162,185]","(71,74]","(0.216,0.272]",2
"Jose Cruz","L",72,170,0.284,165,"(162,185]","(71,74]","(0.272,0.328]",2
"Don Mason","L",71,160,0.205,3,"(140,162]","(68,71]","(0.16,0.216]",2
"Bill Robinson","R",74,189,0.258,166,"(185,208]","(71,74]","(0.216,0.272]",1
"Sal Bando","R",72,195,0.254,242,"(185,208]","(71,74]","(0.216,0.272]",1
"George Mitterwald","R",74,195,0.236,76,"(185,208]","(71,74]","(0.216,0.272]",1
"Bob Tillman","R",76,205,0.232,79,"(185,208]","(74,77]","(0.216,0.272]",1
"Pat Corrales","R",72,180,0.216,4,"(162,185]","(71,74]","(0.16,0.216]",1
"Mike Tyson","R",69,170,0.241,27,"(162,185]","(68,71]","(0.216,0.272]",1
"Rafael Landestoy","B",70,165,0.237,4,"(162,185]","(68,71]","(0.216,0.272]",3
"Duane Josephson","R",72,190,0.258,23,"(185,208]","(71,74]","(0.216,0.272]",1
"Duane Walker","L",72,185,0.229,24,"(162,185]","(71,74]","(0.216,0.272]",2
"Glenn Hubbard","R",69,150,0.244,70,"(140,162]","(68,71]","(0.216,0.272]",1
"Roger Freed","R",72,190,0.245,22,"(185,208]","(71,74]","(0.216,0.272]",1
"George Hendrick","R",75,195,0.278,267,"(185,208]","(74,77]","(0.272,0.328]",1
"Rod Carew","L",72,170,0.328,92,"(162,185]","(71,74]","(0.272,0.328]",2
"Bob Davis","R",72,180,0.197,6,"(162,185]","(71,74]","(0.16,0.216]",1
"Toby Harrah","R",72,175,0.264,195,"(162,185]","(71,74]","(0.216,0.272]",1
"Rick Manning","L",73,180,0.257,56,"(162,185]","(71,74]","(0.216,0.272]",2
"Gary Matthews","R",74,185,0.281,234,"(162,185]","(71,74]","(0.272,0.328]",1
"Cesar Geronimo","L",72,165,0.258,51,"(162,185]","(71,74]","(0.216,0.272]",2
"Billy Bryan","L",76,200,0.216,41,"(185,208]","(74,77]","(0.16,0.216]",2
"Terry Whitfield","L",73,197,0.281,33,"(185,208]","(71,74]","(0.272,0.328]",2
"Mario Mendoza","R",71,170,0.215,4,"(162,185]","(68,71]","(0.16,0.216]",1
"Fred Lynn","L",73,185,0.283,306,"(162,185]","(71,74]","(0.272,0.328]",2
"Larry Hisle","R",74,193,0.273,166,"(185,208]","(71,74]","(0.272,0.328]",1
"Graig Nettles","L",72,180,0.248,390,"(162,185]","(71,74]","(0.216,0.272]",2
"Dave Engle","R",75,210,0.262,31,"(208,230]","(74,77]","(0.216,0.272]",1
"Mike Easler","L",72,190,0.293,118,"(185,208]","(71,74]","(0.272,0.328]",2
"Rick Sweet","B",73,200,0.234,6,"(185,208]","(71,74]","(0.216,0.272]",3
"Thurman Munson","R",71,190,0.292,113,"(185,208]","(68,71]","(0.272,0.328]",1
"Rick Monday","L",75,193,0.264,241,"(185,208]","(74,77]","(0.216,0.272]",2
"Mike Sadek","R",69,165,0.226,5,"(162,185]","(68,71]","(0.216,0.272]",1
"Mark Belanger","R",73,170,0.228,20,"(162,185]","(71,74]","(0.216,0.272]",1
"Ron Hunt","R",72,186,0.273,39,"(185,208]","(71,74]","(0.272,0.328]",1
"Joe Keough","L",72,185,0.246,9,"(162,185]","(71,74]","(0.216,0.272]",2
"Vic Correll","R",70,185,0.229,29,"(162,185]","(68,71]","(0.216,0.272]",1
"Jackie Hernandez","R",71,165,0.208,12,"(162,185]","(68,71]","(0.16,0.216]",1
"Tony Solaita","L",72,210,0.255,50,"(208,230]","(71,74]","(0.216,0.272]",2
"U L Washington","B",71,175,0.251,27,"(162,185]","(68,71]","(0.216,0.272]",3
"Joe Foy","R",72,215,0.248,58,"(208,230]","(71,74]","(0.216,0.272]",1
"Ed Goodson","L",75,180,0.26,30,"(162,185]","(74,77]","(0.216,0.272]",2
"Mickey Klutts","R",71,170,0.241,14,"(162,185]","(68,71]","(0.216,0.272]",1
"Leroy Stanton","R",73,195,0.244,77,"(185,208]","(71,74]","(0.216,0.272]",1
"Danny Ainge","R",76,175,0.22,2,"(162,185]","(74,77]","(0.216,0.272]",1
"Adolfo Phillips","R",73,175,0.247,59,"(162,185]","(71,74]","(0.216,0.272]",1
"Marv Breeding","R",72,175,0.25,7,"(162,185]","(71,74]","(0.216,0.272]",1
"Dick McAuliffe","L",71,176,0.247,197,"(162,185]","(68,71]","(0.216,0.272]",2
"Glenn Burke","R",72,195,0.237,2,"(185,208]","(71,74]","(0.216,0.272]",1
"Terry Humphrey","R",75,185,0.211,6,"(162,185]","(74,77]","(0.16,0.216]",1
"Enzo Hernandez","R",68,155,0.224,2,"(140,162]","(65,68]","(0.216,0.272]",1
"Coco Laboy","R",70,165,0.233,28,"(162,185]","(68,71]","(0.216,0.272]",1
"Ted Kubiak","B",72,175,0.231,13,"(162,185]","(71,74]","(0.216,0.272]",3
"Jim Morrison","R",71,175,0.26,112,"(162,185]","(68,71]","(0.216,0.272]",1
"Bobby Knoop","R",73,170,0.236,56,"(162,185]","(71,74]","(0.216,0.272]",1
"Bobby Brown","B",74,190,0.245,26,"(185,208]","(71,74]","(0.216,0.272]",3
"Tom Hutton","L",71,180,0.248,22,"(162,185]","(68,71]","(0.216,0.272]",2
"Ron Hodges","L",73,185,0.24,19,"(162,185]","(71,74]","(0.216,0.272]",2
"Rich Chiles","L",71,170,0.254,6,"(162,185]","(68,71]","(0.216,0.272]",2
"Tom Paciorek","R",76,215,0.282,86,"(208,230]","(74,77]","(0.272,0.328]",1
"Gary Woods","R",74,185,0.243,13,"(162,185]","(71,74]","(0.216,0.272]",1
"Bob Montgomery","R",73,195,0.258,23,"(185,208]","(71,74]","(0.216,0.272]",1
"Jeff Burroughs","R",73,200,0.261,240,"(185,208]","(71,74]","(0.216,0.272]",1
"Rusty Staub","L",74,190,0.279,292,"(185,208]","(71,74]","(0.272,0.328]",2
"Jim Norris","L",70,175,0.264,7,"(162,185]","(68,71]","(0.216,0.272]",2
"Oscar Gamble","L",71,160,0.265,200,"(140,162]","(68,71]","(0.216,0.272]",2
"George Vukovich","L",72,198,0.268,27,"(185,208]","(71,74]","(0.216,0.272]",2
"Craig Reynolds","L",73,175,0.256,42,"(162,185]","(71,74]","(0.216,0.272]",2
"Paul Blair","R",72,168,0.25,134,"(162,185]","(71,74]","(0.216,0.272]",1
"Al Cowens","R",73,197,0.27,108,"(185,208]","(71,74]","(0.216,0.272]",1
"Al Oliver","L",72,195,0.303,219,"(185,208]","(71,74]","(0.272,0.328]",2
"Dave Hilton","R",71,191,0.213,6,"(185,208]","(68,71]","(0.16,0.216]",1
"Luis Alvarado","R",69,162,0.214,5,"(140,162]","(68,71]","(0.16,0.216]",1
"Larry Parrish","R",75,190,0.263,256,"(185,208]","(74,77]","(0.216,0.272]",1
"Woodie Fryman","R",75,197,0.138,2,"(185,208]","(74,77]","(0.104,0.16]",1
"Bob Randall","R",74,175,0.257,1,"(162,185]","(71,74]","(0.216,0.272]",1
"Jim Pankovits","R",70,170,0.25,9,"(162,185]","(68,71]","(0.216,0.272]",1
"Carmen Fanzone","R",72,200,0.224,20,"(185,208]","(71,74]","(0.216,0.272]",1
"Gary Allenson","R",71,185,0.221,19,"(162,185]","(68,71]","(0.216,0.272]",1
"Milt May","L",72,190,0.263,77,"(185,208]","(71,74]","(0.216,0.272]",2
"Mike Vail","R",73,180,0.279,34,"(162,185]","(71,74]","(0.272,0.328]",1
"Nick Esasky","R",75,200,0.25,122,"(185,208]","(74,77]","(0.216,0.272]",1
"Jim Nettles","L",72,186,0.22,16,"(185,208]","(71,74]","(0.216,0.272]",2
"Chris Cannizzaro","R",72,190,0.235,18,"(185,208]","(71,74]","(0.216,0.272]",1
"Larry Biittner","L",74,205,0.273,29,"(185,208]","(71,74]","(0.272,0.328]",2
"Mel Stottlemyre","R",73,178,0.16,7,"(162,185]","(71,74]","(0.104,0.16]",1
"Roy Smalley","B",73,185,0.257,163,"(162,185]","(71,74]","(0.216,0.272]",3
"Andy Messersmith","R",73,200,0.17,5,"(185,208]","(71,74]","(0.16,0.216]",1
"Richie Zisk","R",73,200,0.287,207,"(185,208]","(71,74]","(0.272,0.328]",1
"Dave Chalk","R",70,175,0.252,15,"(162,185]","(68,71]","(0.216,0.272]",1
"Don Baylor","R",73,190,0.26,338,"(185,208]","(71,74]","(0.216,0.272]",1
"John Vukovich","R",73,187,0.161,6,"(185,208]","(71,74]","(0.16,0.216]",1
"Danny Thompson","R",72,183,0.248,15,"(162,185]","(71,74]","(0.216,0.272]",1
"Joe Simpson","L",75,175,0.242,9,"(162,185]","(74,77]","(0.216,0.272]",2
"Bill Fahey","L",72,200,0.241,7,"(185,208]","(71,74]","(0.216,0.272]",2
"Doug Camilli","R",71,195,0.199,18,"(185,208]","(68,71]","(0.16,0.216]",1
"Bernie Allen","L",72,175,0.239,73,"(162,185]","(71,74]","(0.216,0.272]",2
"Bruce Bochy","R",75,205,0.239,26,"(185,208]","(74,77]","(0.216,0.272]",1
"Claudell Washington","L",72,190,0.278,164,"(185,208]","(71,74]","(0.272,0.328]",2
"John Donaldson","L",71,160,0.238,4,"(140,162]","(68,71]","(0.216,0.272]",2
"John Mayberry","L",75,215,0.253,255,"(208,230]","(74,77]","(0.216,0.272]",2
"Ken Reitz","R",72,180,0.26,68,"(162,185]","(71,74]","(0.216,0.272]",1
"Amos Otis","R",71,165,0.277,193,"(162,185]","(68,71]","(0.272,0.328]",1
"Gene Alley","R",70,160,0.254,55,"(140,162]","(68,71]","(0.216,0.272]",1
"Ted Sizemore","R",70,165,0.262,23,"(162,185]","(68,71]","(0.216,0.272]",1
"Dan Briggs","L",72,180,0.195,12,"(162,185]","(71,74]","(0.16,0.216]",2
"Doug Flynn","R",71,165,0.238,7,"(162,185]","(68,71]","(0.216,0.272]",1
"Ken Holtzman","R",74,175,0.163,2,"(162,185]","(71,74]","(0.16,0.216]",1
"Pete Ward","L",73,185,0.254,98,"(162,185]","(71,74]","(0.216,0.272]",2
"Kevin Bell","R",72,195,0.222,13,"(185,208]","(71,74]","(0.216,0.272]",1
"Tom Nieto","R",73,193,0.205,5,"(185,208]","(71,74]","(0.16,0.216]",1
"Duke Sims","L",74,197,0.239,100,"(185,208]","(71,74]","(0.216,0.272]",2
"Larvell Blanks","R",68,167,0.253,20,"(162,185]","(65,68]","(0.216,0.272]",1
"Mike Davis","L",74,175,0.259,91,"(162,185]","(71,74]","(0.216,0.272]",2
"Jerry Reuss","L",77,200,0.167,1,"(185,208]","(74,77]","(0.16,0.216]",2
"Steve Yeager","R",72,190,0.228,102,"(185,208]","(71,74]","(0.216,0.272]",1
"Danny Goodwin","L",73,195,0.236,13,"(185,208]","(71,74]","(0.216,0.272]",2
"Bud Harrelson","B",71,160,0.236,7,"(140,162]","(68,71]","(0.216,0.272]",3
"Bob Knepper","L",75,195,0.137,6,"(185,208]","(74,77]","(0.104,0.16]",2
"Mickey Rivers","L",70,165,0.295,61,"(162,185]","(68,71]","(0.272,0.328]",2
"Jim Northrup","L",75,190,0.267,153,"(185,208]","(74,77]","(0.216,0.272]",2
"John Hale","L",74,195,0.201,14,"(185,208]","(71,74]","(0.16,0.216]",2
"Pedro Garcia","R",70,175,0.22,37,"(162,185]","(68,71]","(0.216,0.272]",1
"Carl Yastrzemski","L",71,175,0.285,452,"(162,185]","(68,71]","(0.272,0.328]",2
"Derrel Thomas","B",72,160,0.249,43,"(140,162]","(71,74]","(0.216,0.272]",3
"Art Howe","R",74,190,0.26,43,"(185,208]","(71,74]","(0.216,0.272]",1
"Ike Brown","R",72,190,0.256,20,"(185,208]","(71,74]","(0.216,0.272]",1
"Howie Goss","R",76,204,0.216,11,"(185,208]","(74,77]","(0.16,0.216]",1
"Glenn Borgmann","R",76,210,0.229,16,"(208,230]","(74,77]","(0.216,0.272]",1
"Lamar Johnson","R",74,215,0.287,64,"(208,230]","(71,74]","(0.272,0.328]",1
"Julio Gonzalez","R",71,162,0.235,4,"(140,162]","(68,71]","(0.216,0.272]",1
"Bobby Klaus","R",70,170,0.208,6,"(162,185]","(68,71]","(0.16,0.216]",1
"Manny Sanguillen","R",72,193,0.296,65,"(185,208]","(71,74]","(0.272,0.328]",1
"Gates Brown","L",71,220,0.257,84,"(208,230]","(68,71]","(0.216,0.272]",2
"Johnny Ray","B",71,170,0.29,53,"(162,185]","(68,71]","(0.272,0.328]",3
"Jesus Alou","R",74,190,0.28,32,"(185,208]","(71,74]","(0.272,0.328]",1
"Ken Landreaux","L",70,165,0.268,91,"(162,185]","(68,71]","(0.216,0.272]",2
"Enos Cabell","R",76,170,0.277,60,"(162,185]","(74,77]","(0.272,0.328]",1
"Billy North","B",71,185,0.261,20,"(162,185]","(68,71]","(0.216,0.272]",3
"Juan Beniquez","R",71,150,0.274,79,"(140,162]","(68,71]","(0.272,0.328]",1
"Frank Fernandez","R",72,185,0.199,39,"(162,185]","(71,74]","(0.16,0.216]",1
"Bombo Rivera","R",70,187,0.265,10,"(185,208]","(68,71]","(0.216,0.272]",1
"Steve Brye","R",72,190,0.258,30,"(185,208]","(71,74]","(0.216,0.272]",1
"Ron Jackson","R",72,200,0.259,56,"(185,208]","(71,74]","(0.216,0.272]",1
"Roger Metzger","B",72,165,0.231,5,"(162,185]","(71,74]","(0.216,0.272]",3
"Rufino Linares","R",72,170,0.27,11,"(162,185]","(71,74]","(0.216,0.272]",1
"Ray Webster","L",72,185,0.244,17,"(162,185]","(71,74]","(0.216,0.272]",2
"Bob Kearney","R",72,190,0.233,27,"(185,208]","(71,74]","(0.216,0.272]",1
"Fergie Jenkins","R",77,205,0.165,13,"(185,208]","(74,77]","(0.16,0.216]",1
"Dick Dietz","R",73,195,0.261,66,"(185,208]","(71,74]","(0.216,0.272]",1
"Ted Cox","R",75,195,0.245,10,"(185,208]","(74,77]","(0.216,0.272]",1
"Bobby Mitchell","L",70,170,0.243,3,"(162,185]","(68,71]","(0.216,0.272]",2
"Bobby Mitchell","R",75,185,0.235,21,"(162,185]","(74,77]","(0.216,0.272]",1
"Barry Evans","R",73,180,0.251,2,"(162,185]","(71,74]","(0.216,0.272]",1
"Mickey Brantley","R",70,180,0.259,32,"(162,185]","(68,71]","(0.216,0.272]",1
"Al Gallagher","R",72,180,0.263,11,"(162,185]","(71,74]","(0.216,0.272]",1
"Hector Cruz","R",71,170,0.225,39,"(162,185]","(68,71]","(0.216,0.272]",1
"Woody Woodward","R",74,180,0.236,1,"(162,185]","(71,74]","(0.216,0.272]",1
"Ted Martinez","R",72,165,0.24,7,"(162,185]","(71,74]","(0.216,0.272]",1
"Jim Anderson","R",72,170,0.218,13,"(162,185]","(71,74]","(0.216,0.272]",1
"Lenn Sakata","R",69,160,0.23,25,"(140,162]","(68,71]","(0.216,0.272]",1
"Dave Duncan","R",74,190,0.214,109,"(185,208]","(71,74]","(0.16,0.216]",1
"Dick Billings","R",73,195,0.227,16,"(185,208]","(71,74]","(0.216,0.272]",1
"Bruce Bochte","L",75,195,0.282,100,"(185,208]","(74,77]","(0.272,0.328]",2
"Bernie Carbo","L",71,173,0.264,96,"(162,185]","(68,71]","(0.216,0.272]",2
"Vic Davalillo","L",67,150,0.279,36,"(140,162]","(65,68]","(0.272,0.328]",2
"Burt Hooton","R",73,210,0.123,4,"(208,230]","(71,74]","(0.104,0.16]",1
"Fernando Gonzalez","R",70,165,0.235,17,"(162,185]","(68,71]","(0.216,0.272]",1
"Jim Sundberg","R",72,190,0.248,95,"(185,208]","(71,74]","(0.216,0.272]",1
"Andy Kosco","R",75,205,0.236,73,"(185,208]","(74,77]","(0.216,0.272]",1
"Steve Huntz","B",73,204,0.206,16,"(185,208]","(71,74]","(0.16,0.216]",3
"Lenny Faedo","R",72,170,0.251,5,"(162,185]","(71,74]","(0.216,0.272]",1
"John Lowenstein","L",72,175,0.253,116,"(162,185]","(71,74]","(0.216,0.272]",2
"Don Kessinger","B",73,170,0.252,14,"(162,185]","(71,74]","(0.216,0.272]",3
"Joe Hague","L",72,195,0.239,40,"(185,208]","(71,74]","(0.216,0.272]",2
"Bake McBride","L",74,190,0.299,63,"(185,208]","(71,74]","(0.272,0.328]",2
"Dick Davis","R",75,190,0.265,27,"(185,208]","(74,77]","(0.216,0.272]",1
"Richie Scheinblum","B",73,180,0.263,13,"(162,185]","(71,74]","(0.216,0.272]",3
"Ed Herrmann","L",73,195,0.24,80,"(185,208]","(71,74]","(0.216,0.272]",2
"Bob Molinaro","L",72,190,0.264,14,"(185,208]","(71,74]","(0.216,0.272]",2
"Mike Hegan","L",73,188,0.242,53,"(185,208]","(71,74]","(0.216,0.272]",2
"Mike Diaz","R",74,195,0.247,31,"(185,208]","(71,74]","(0.216,0.272]",1
"Tim Foli","R",72,179,0.251,25,"(162,185]","(71,74]","(0.216,0.272]",1
"Alan Knicely","R",72,190,0.213,12,"(185,208]","(71,74]","(0.16,0.216]",1
"Tim Laudner","R",75,212,0.225,77,"(208,230]","(74,77]","(0.216,0.272]",1
"Jose Morales","R",71,187,0.287,26,"(185,208]","(68,71]","(0.272,0.328]",1
"Juan Marichal","R",72,185,0.165,4,"(162,185]","(71,74]","(0.16,0.216]",1
"Vida Blue","B",72,189,0.104,4,"(185,208]","(71,74]","(0.104,0.16]",3
"Stan Papi","R",72,170,0.218,7,"(162,185]","(71,74]","(0.216,0.272]",1
"Rob Wilfong","L",73,180,0.248,39,"(162,185]","(71,74]","(0.216,0.272]",2
"Steve Henderson","R",74,190,0.28,68,"(185,208]","(71,74]","(0.272,0.328]",1
"Rob Picciolo","R",74,185,0.234,17,"(162,185]","(71,74]","(0.216,0.272]",1
"Roberto Pena","R",68,170,0.245,13,"(162,185]","(65,68]","(0.216,0.272]",1
"Bob Dernier","R",72,160,0.255,23,"(140,162]","(71,74]","(0.216,0.272]",1
"Bill Melton","R",74,200,0.253,160,"(185,208]","(71,74]","(0.216,0.272]",1
"Albert Hall","B",71,155,0.251,5,"(140,162]","(68,71]","(0.216,0.272]",3
"Barbaro Garbey","R",70,170,0.267,11,"(162,185]","(68,71]","(0.216,0.272]",1
"John Milner","L",72,185,0.249,131,"(162,185]","(71,74]","(0.216,0.272]",2
"Rich Reese","L",75,185,0.253,52,"(162,185]","(74,77]","(0.216,0.272]",2
"Chris Bando","B",72,195,0.227,27,"(185,208]","(71,74]","(0.216,0.272]",3
"Bill Buckner","L",72,185,0.289,174,"(162,185]","(71,74]","(0.272,0.328]",2
"Jack Hiatt","R",74,190,0.251,22,"(185,208]","(71,74]","(0.216,0.272]",1
"Nelson Mathews","R",76,195,0.223,22,"(185,208]","(74,77]","(0.216,0.272]",1
"Ron Theobald","R",68,165,0.248,2,"(162,185]","(65,68]","(0.216,0.272]",1
"Rafael Santana","R",73,165,0.246,13,"(162,185]","(71,74]","(0.216,0.272]",1
"Jerry Hairston","B",70,170,0.258,30,"(162,185]","(68,71]","(0.216,0.272]",3
"Tommie Aaron","R",75,190,0.229,13,"(185,208]","(74,77]","(0.216,0.272]",1
"Steve Dillard","R",73,180,0.243,13,"(162,185]","(71,74]","(0.216,0.272]",1
"George Scott","R",74,200,0.268,271,"(185,208]","(71,74]","(0.216,0.272]",1
"Ken Walters","R",73,180,0.231,11,"(162,185]","(71,74]","(0.216,0.272]",1
"Gorman Thomas","R",74,210,0.225,268,"(208,230]","(71,74]","(0.216,0.272]",1
"Paul Dade","R",73,185,0.27,10,"(162,185]","(71,74]","(0.216,0.272]",1
"Darrell Porter","L",72,193,0.247,188,"(185,208]","(71,74]","(0.216,0.272]",2
"Fred Stanley","R",70,165,0.216,10,"(162,185]","(68,71]","(0.16,0.216]",1
"Larry Bowa","B",70,155,0.26,15,"(140,162]","(68,71]","(0.216,0.272]",3
"Tim Corcoran","L",71,175,0.27,12,"(162,185]","(68,71]","(0.216,0.272]",2
"Jim Spencer","L",74,195,0.25,146,"(185,208]","(71,74]","(0.216,0.272]",2
"Pete LaCock","L",74,200,0.257,27,"(185,208]","(71,74]","(0.216,0.272]",2
"Carl Morton","R",72,200,0.156,7,"(185,208]","(71,74]","(0.104,0.16]",1
"Gary Gray","R",72,187,0.24,24,"(185,208]","(71,74]","(0.216,0.272]",1
"Matty Alou","L",69,160,0.307,31,"(140,162]","(68,71]","(0.272,0.328]",2
"Jim Dwyer","L",70,165,0.26,77,"(162,185]","(68,71]","(0.216,0.272]",2
"Dalton Jones","L",73,180,0.235,41,"(162,185]","(71,74]","(0.216,0.272]",2
"Rennie Stennett","R",71,160,0.274,41,"(140,162]","(68,71]","(0.272,0.328]",1
"Jerry May","R",74,190,0.234,15,"(185,208]","(71,74]","(0.216,0.272]",1
"Rich McKinney","R",71,185,0.225,20,"(162,185]","(68,71]","(0.216,0.272]",1
"Clint Hurdle","L",75,195,0.259,32,"(185,208]","(74,77]","(0.216,0.272]",2
"Mike Andrews","R",75,195,0.258,66,"(185,208]","(74,77]","(0.216,0.272]",1
"Bobby Clark","R",72,190,0.239,19,"(185,208]","(71,74]","(0.216,0.272]",1
"Cliff Johnson","R",76,215,0.258,196,"(208,230]","(74,77]","(0.216,0.272]",1
"Donn Clendenon","R",76,209,0.274,159,"(208,230]","(74,77]","(0.272,0.328]",1
"Charlie James","R",73,195,0.255,29,"(185,208]","(71,74]","(0.216,0.272]",1
"Bob Horner","R",73,195,0.277,218,"(185,208]","(71,74]","(0.272,0.328]",1
"Tom Veryzer","R",73,175,0.241,14,"(162,185]","(71,74]","(0.216,0.272]",1
"George Smith","R",70,170,0.205,9,"(162,185]","(68,71]","(0.16,0.216]",1
"Jim Essian","R",74,195,0.244,33,"(185,208]","(71,74]","(0.216,0.272]",1
"Onix Concepcion","R",66,160,0.239,3,"(140,162]","(65,68]","(0.216,0.272]",1
"Boots Day","L",69,160,0.256,8,"(140,162]","(68,71]","(0.216,0.272]",2
"Brian Giles","R",73,165,0.228,10,"(162,185]","(71,74]","(0.216,0.272]",1
"Garry Maddox","R",75,175,0.285,117,"(162,185]","(74,77]","(0.272,0.328]",1
"Alex Trevino","R",70,165,0.249,23,"(162,185]","(68,71]","(0.216,0.272]",1
"Jim Price","R",72,192,0.214,18,"(185,208]","(71,74]","(0.16,0.216]",1
"Felix Millan","R",71,172,0.279,22,"(162,185]","(68,71]","(0.272,0.328]",1
"Steve Garvey","R",70,192,0.294,272,"(185,208]","(68,71]","(0.272,0.328]",1
"Don Mincher","L",75,205,0.249,200,"(185,208]","(74,77]","(0.216,0.272]",2
"Tony Cloninger","R",72,210,0.192,11,"(208,230]","(71,74]","(0.16,0.216]",1
"Jim Gosger","L",71,185,0.226,30,"(162,185]","(68,71]","(0.216,0.272]",2
"Chuck Harrison","R",70,185,0.238,17,"(162,185]","(68,71]","(0.216,0.272]",1
"Mike Ivie","R",75,205,0.269,81,"(185,208]","(74,77]","(0.216,0.272]",1
"Marvell Wynne","L",71,175,0.247,40,"(162,185]","(68,71]","(0.216,0.272]",2
"Dusty Baker","R",74,183,0.278,242,"(162,185]","(71,74]","(0.272,0.328]",1
"Tucker Ashford","R",73,195,0.218,6,"(185,208]","(71,74]","(0.216,0.272]",1
"Ned Yost","R",73,190,0.212,16,"(185,208]","(71,74]","(0.16,0.216]",1
"Bob Stinson","B",71,180,0.25,33,"(162,185]","(68,71]","(0.216,0.272]",3
"Gaylord Perry","R",76,205,0.131,6,"(185,208]","(74,77]","(0.104,0.16]",1
"Dave Marshall","L",73,182,0.246,16,"(162,185]","(71,74]","(0.216,0.272]",2
"Mickey Hatcher","R",74,200,0.28,38,"(185,208]","(71,74]","(0.272,0.328]",1
"Roger Repoz","L",75,190,0.224,82,"(185,208]","(74,77]","(0.216,0.272]",2
"John Orsino","R",75,215,0.249,40,"(208,230]","(74,77]","(0.216,0.272]",1
"Johnny Briggs","L",73,190,0.253,139,"(185,208]","(71,74]","(0.216,0.272]",2
"Dave Hostetler","R",76,215,0.229,37,"(208,230]","(74,77]","(0.216,0.272]",1
"Bob Jones","L",74,195,0.221,20,"(185,208]","(71,74]","(0.216,0.272]",2
"Keith Hernandez","L",72,180,0.296,162,"(162,185]","(71,74]","(0.272,0.328]",2
"Willie Upshaw","L",72,185,0.262,123,"(162,185]","(71,74]","(0.216,0.272]",2
"Dick Green","R",70,180,0.24,80,"(162,185]","(68,71]","(0.216,0.272]",1
"Dane Iorg","L",72,180,0.276,14,"(162,185]","(71,74]","(0.272,0.328]",2
"Richie Hebner","L",73,195,0.276,203,"(185,208]","(71,74]","(0.272,0.328]",2
"Fran Healy","R",77,220,0.25,20,"(208,230]","(74,77]","(0.216,0.272]",1
"Doc Edwards","R",74,215,0.238,15,"(208,230]","(71,74]","(0.216,0.272]",1
"Sandy Alomar","B",69,140,0.245,13,"(140,162]","(68,71]","(0.216,0.272]",3
"Joe Strain","R",70,169,0.25,1,"(162,185]","(68,71]","(0.216,0.272]",1
"Gene Richards","L",72,175,0.29,26,"(162,185]","(71,74]","(0.272,0.328]",2
"Buddy Bell","R",73,180,0.279,201,"(162,185]","(71,74]","(0.272,0.328]",1
"Al Woods","L",75,190,0.271,35,"(185,208]","(74,77]","(0.216,0.272]",2
"Rudy Law","L",73,165,0.271,18,"(162,185]","(71,74]","(0.216,0.272]",2
"Jody Davis","R",76,192,0.245,127,"(185,208]","(74,77]","(0.216,0.272]",1
"Mike Edwards","R",70,154,0.25,2,"(140,162]","(68,71]","(0.216,0.272]",1
"Deron Johnson","R",74,200,0.244,245,"(185,208]","(71,74]","(0.216,0.272]",1
"Don Wert","R",70,162,0.242,77,"(140,162]","(68,71]","(0.216,0.272]",1
"Mike Fiore","L",72,175,0.227,13,"(162,185]","(71,74]","(0.216,0.272]",2
"Miguel Dilone","B",72,160,0.265,6,"(140,162]","(71,74]","(0.216,0.272]",3
"Greg Luzinski","R",73,220,0.276,307,"(208,230]","(71,74]","(0.272,0.328]",1
"Bobby Tolan","L",71,170,0.265,86,"(162,185]","(68,71]","(0.216,0.272]",2
"Ron Woods","R",70,168,0.233,26,"(162,185]","(68,71]","(0.216,0.272]",1
"Tony Horton","R",75,210,0.268,76,"(208,230]","(74,77]","(0.216,0.272]",1
"Randy Hundley","R",71,170,0.236,82,"(162,185]","(68,71]","(0.216,0.272]",1
"Jose Tartabull","L",71,165,0.261,2,"(162,185]","(68,71]","(0.216,0.272]",2
"Ben Oglivie","L",74,160,0.273,235,"(140,162]","(71,74]","(0.272,0.328]",2
"Bob Johnson","R",70,175,0.272,44,"(162,185]","(68,71]","(0.216,0.272]",1
"Don Buford","B",67,160,0.264,93,"(140,162]","(65,68]","(0.216,0.272]",3
"Duane Kuiper","L",72,175,0.271,1,"(162,185]","(71,74]","(0.216,0.272]",2
"Brant Alyea","R",75,215,0.247,38,"(208,230]","(74,77]","(0.216,0.272]",1
"Jerry Narron","L",75,205,0.211,21,"(185,208]","(74,77]","(0.16,0.216]",2
"Lou Johnson","R",71,170,0.258,48,"(162,185]","(68,71]","(0.216,0.272]",1
"Ken Retzer","L",72,185,0.264,14,"(162,185]","(71,74]","(0.216,0.272]",2
"Greg Walker","L",75,205,0.26,113,"(185,208]","(74,77]","(0.216,0.272]",2
"Terry Harper","R",76,195,0.253,36,"(185,208]","(74,77]","(0.216,0.272]",1
"Jerry Royster","R",72,165,0.249,40,"(162,185]","(71,74]","(0.216,0.272]",1
"Barry Bonnell","R",75,190,0.272,56,"(185,208]","(74,77]","(0.216,0.272]",1
"Tom Seaver","R",73,195,0.154,12,"(185,208]","(71,74]","(0.104,0.16]",1
"Jerry Martin","R",73,195,0.251,85,"(185,208]","(71,74]","(0.216,0.272]",1
"Bill Stein","R",70,170,0.267,44,"(162,185]","(68,71]","(0.216,0.272]",1
"Joel Youngblood","R",72,180,0.265,80,"(162,185]","(71,74]","(0.216,0.272]",1
"Reggie Jackson","L",72,195,0.262,563,"(185,208]","(71,74]","(0.216,0.272]",2
"Sonny Jackson","L",69,150,0.251,7,"(140,162]","(68,71]","(0.216,0.272]",2
"Rodney Scott","B",72,160,0.236,3,"(140,162]","(71,74]","(0.216,0.272]",3
"Rich Coggins","L",68,170,0.265,12,"(162,185]","(65,68]","(0.216,0.272]",2
"Phil Gagliano","R",73,180,0.238,14,"(162,185]","(71,74]","(0.216,0.272]",1
"Jerry McNertney","R",72,180,0.237,27,"(162,185]","(71,74]","(0.216,0.272]",1
"Mitchell Page","L",74,205,0.266,72,"(185,208]","(71,74]","(0.216,0.272]",2
"Kiko Garcia","R",71,180,0.239,12,"(162,185]","(68,71]","(0.216,0.272]",1
"Larry Milbourne","B",72,161,0.254,11,"(140,162]","(71,74]","(0.216,0.272]",3
"Bill Sudakis","B",73,190,0.234,59,"(185,208]","(71,74]","(0.216,0.272]",3
"Domingo Ramos","R",70,154,0.24,8,"(140,162]","(68,71]","(0.216,0.272]",1
"Ron Oester","B",74,185,0.265,42,"(162,185]","(71,74]","(0.216,0.272]",3
"Glenn Adams","L",73,180,0.28,34,"(162,185]","(71,74]","(0.272,0.328]",2
"Joe Morgan","L",67,160,0.271,268,"(140,162]","(65,68]","(0.216,0.272]",2
"R.J. Reynolds","B",72,190,0.267,35,"(185,208]","(71,74]","(0.216,0.272]",3
"Lee Thomas","L",74,195,0.255,106,"(185,208]","(71,74]","(0.216,0.272]",2
"Ray Fosse","R",74,215,0.256,61,"(208,230]","(71,74]","(0.216,0.272]",1
"Paul Popovich","B",72,175,0.233,14,"(162,185]","(71,74]","(0.216,0.272]",3
"John Stephenson","L",71,180,0.216,12,"(162,185]","(68,71]","(0.16,0.216]",2
"Doug Clemens","L",72,180,0.229,12,"(162,185]","(71,74]","(0.216,0.272]",2
"Orlando Mercado","R",72,180,0.199,7,"(162,185]","(71,74]","(0.16,0.216]",1
"Charley Smith","R",73,170,0.239,69,"(162,185]","(71,74]","(0.216,0.272]",1
"Buddy Biancalana","B",71,160,0.205,6,"(140,162]","(68,71]","(0.16,0.216]",3
"Bob Uecker","R",73,190,0.2,14,"(185,208]","(71,74]","(0.16,0.216]",1
"Felix Torres","R",71,165,0.254,27,"(162,185]","(68,71]","(0.216,0.272]",1
"Steve Braun","L",70,180,0.271,52,"(162,185]","(68,71]","(0.216,0.272]",2
"Ray Knight","R",73,185,0.271,84,"(162,185]","(71,74]","(0.216,0.272]",1
"Ty Cline","L",72,170,0.238,6,"(162,185]","(71,74]","(0.216,0.272]",2
"Thad Bosley","L",75,175,0.272,20,"(162,185]","(74,77]","(0.216,0.272]",2
"Bobby Grich","R",74,180,0.266,224,"(162,185]","(71,74]","(0.216,0.272]",1
"Jimmie Hall","L",72,175,0.254,121,"(162,185]","(71,74]","(0.216,0.272]",2
"John Boccabella","R",73,195,0.219,26,"(185,208]","(71,74]","(0.216,0.272]",1
"Brock Davis","L",70,160,0.26,1,"(140,162]","(68,71]","(0.216,0.272]",2
"Curt Blefary","L",74,195,0.237,112,"(185,208]","(71,74]","(0.216,0.272]",2
"Mack Jones","L",73,180,0.252,133,"(162,185]","(71,74]","(0.216,0.272]",2
"Buddy Bradford","R",71,170,0.226,52,"(162,185]","(68,71]","(0.216,0.272]",1
"Hosken Powell","L",73,175,0.259,17,"(162,185]","(71,74]","(0.216,0.272]",2
"Dave Stapleton","R",73,178,0.271,41,"(162,185]","(71,74]","(0.216,0.272]",1
"Gary Ward","R",74,195,0.276,130,"(185,208]","(71,74]","(0.272,0.328]",1
"Jim Lonborg","R",77,200,0.136,3,"(185,208]","(74,77]","(0.104,0.16]",1
"Joe Lis","R",72,175,0.233,32,"(162,185]","(71,74]","(0.216,0.272]",1
"Dan Meyer","L",71,180,0.253,86,"(162,185]","(68,71]","(0.216,0.272]",2
"Jim Holt","L",72,180,0.265,19,"(162,185]","(71,74]","(0.216,0.272]",2
"Larry Herndon","R",75,190,0.274,107,"(185,208]","(74,77]","(0.272,0.328]",1
"Wallace Johnson","B",72,173,0.255,5,"(162,185]","(71,74]","(0.216,0.272]",3
"Eddie Leon","R",72,170,0.236,24,"(162,185]","(71,74]","(0.216,0.272]",1
"Jim Wohlford","R",71,175,0.26,21,"(162,185]","(68,71]","(0.216,0.272]",1
"J.R. Richard","R",80,222,0.168,10,"(208,230]","(77,80]","(0.16,0.216]",1
"Bill Voss","L",74,160,0.227,19,"(140,162]","(71,74]","(0.216,0.272]",2
"Keith Moreland","R",72,190,0.279,121,"(185,208]","(71,74]","(0.272,0.328]",1
"Alex Johnson","R",72,205,0.288,78,"(185,208]","(71,74]","(0.272,0.328]",1
"Wayne Krenchicki","L",73,180,0.266,15,"(162,185]","(71,74]","(0.216,0.272]",2
"Dave Rosello","R",71,160,0.236,10,"(140,162]","(68,71]","(0.216,0.272]",1
"Paul Schaal","R",71,165,0.244,57,"(162,185]","(68,71]","(0.216,0.272]",1
"Tito Landrum","R",71,175,0.249,13,"(162,185]","(68,71]","(0.216,0.272]",1
"Dave Edwards","R",72,170,0.237,14,"(162,185]","(71,74]","(0.216,0.272]",1
"Mario Guerrero","R",70,155,0.257,7,"(140,162]","(68,71]","(0.216,0.272]",1
"Tom Tresh","B",73,180,0.245,153,"(162,185]","(71,74]","(0.216,0.272]",3
"Ron Roenicke","B",72,180,0.238,17,"(162,185]","(71,74]","(0.216,0.272]",3
"Doug Griffin","R",72,160,0.245,7,"(140,162]","(71,74]","(0.216,0.272]",1
"Steve Blass","R",72,165,0.172,1,"(162,185]","(71,74]","(0.16,0.216]",1
"Johnnie LeMaster","R",74,165,0.222,22,"(162,185]","(71,74]","(0.216,0.272]",1
"Nate Oliver","R",70,160,0.226,2,"(140,162]","(68,71]","(0.216,0.272]",1
"Ray Sadecki","L",71,180,0.191,5,"(162,185]","(68,71]","(0.16,0.216]",2
"Ken Rudolph","R",73,180,0.213,6,"(162,185]","(71,74]","(0.16,0.216]",1
"Wayne Nordhagen","R",74,205,0.282,39,"(185,208]","(71,74]","(0.272,0.328]",1
"Biff Pocoroba","B",70,175,0.257,21,"(162,185]","(68,71]","(0.216,0.272]",3
"Len Matuszek","L",74,190,0.234,30,"(185,208]","(71,74]","(0.216,0.272]",2
"Joe Lefebvre","L",70,170,0.258,31,"(162,185]","(68,71]","(0.216,0.272]",2
"Jim Maloney","L",74,190,0.201,7,"(185,208]","(71,74]","(0.16,0.216]",2
"Andre Robertson","R",70,155,0.251,5,"(140,162]","(68,71]","(0.216,0.272]",1
"Jerry Zimmerman","R",74,185,0.204,3,"(162,185]","(71,74]","(0.16,0.216]",1
"Chet Lemon","R",72,190,0.273,215,"(185,208]","(71,74]","(0.272,0.328]",1
"Phil Mankowski","L",72,180,0.264,8,"(162,185]","(71,74]","(0.216,0.272]",2
"Cleon Jones","R",72,185,0.281,93,"(162,185]","(71,74]","(0.272,0.328]",1
"Joaquin Andujar","B",72,170,0.127,5,"(162,185]","(71,74]","(0.104,0.16]",3
"Mike Lum","L",72,180,0.247,90,"(162,185]","(71,74]","(0.216,0.272]",2
"Johnny Grubb","L",75,175,0.278,99,"(162,185]","(74,77]","(0.272,0.328]",2
"Curt Motton","R",68,164,0.213,25,"(162,185]","(65,68]","(0.16,0.216]",1
"Johnny Bench","R",73,197,0.267,389,"(185,208]","(71,74]","(0.216,0.272]",1
"Dale Berra","R",72,180,0.236,49,"(162,185]","(71,74]","(0.216,0.272]",1
"Bob Meacham","B",73,175,0.236,8,"(162,185]","(71,74]","(0.216,0.272]",3
"Carl Warwick","R",70,170,0.248,31,"(162,185]","(68,71]","(0.216,0.272]",1
"Sam Bowens","R",73,188,0.223,45,"(185,208]","(71,74]","(0.216,0.272]",1
"George Wright","B",71,180,0.245,42,"(162,185]","(68,71]","(0.216,0.272]",3
"Luis Aguayo","R",69,173,0.236,37,"(162,185]","(68,71]","(0.216,0.272]",1
"Hal Lanier","R",74,180,0.228,8,"(162,185]","(71,74]","(0.216,0.272]",1
"Len Randle","B",70,169,0.257,27,"(162,185]","(68,71]","(0.216,0.272]",3
"Greg Pryor","R",72,180,0.25,14,"(162,185]","(71,74]","(0.216,0.272]",1
"Jim Traber","L",72,194,0.227,27,"(185,208]","(71,74]","(0.216,0.272]",2
"Dave Nelson","R",70,160,0.244,20,"(140,162]","(68,71]","(0.216,0.272]",1
"Lynn Jones","R",69,175,0.252,7,"(162,185]","(68,71]","(0.216,0.272]",1
"Bryan Little","B",70,160,0.245,3,"(140,162]","(68,71]","(0.216,0.272]",3
"Ken Suarez","R",69,175,0.227,5,"(162,185]","(68,71]","(0.216,0.272]",1
"Rick Peters","B",69,170,0.277,2,"(162,185]","(68,71]","(0.272,0.328]",3
"Ron Stone","L",74,185,0.241,6,"(162,185]","(71,74]","(0.216,0.272]",2
"Tommie Agee","R",71,195,0.255,130,"(185,208]","(68,71]","(0.216,0.272]",1
"Bob Bailey","R",73,180,0.257,189,"(162,185]","(71,74]","(0.216,0.272]",1
"Cap Peterson","R",74,195,0.23,19,"(185,208]","(71,74]","(0.216,0.272]",1
"Ted Uhlaender","L",74,190,0.263,36,"(185,208]","(71,74]","(0.216,0.272]",2
"Ted Simmons","B",71,193,0.285,248,"(185,208]","(68,71]","(0.272,0.328]",3
"Bobby Murcer","L",71,160,0.277,252,"(140,162]","(68,71]","(0.272,0.328]",2
"Dick Tracewski","R",71,160,0.213,8,"(140,162]","(68,71]","(0.16,0.216]",1
"Bill Nahorodny","R",74,200,0.241,25,"(185,208]","(71,74]","(0.216,0.272]",1
"Bill Madlock","R",71,180,0.305,163,"(162,185]","(68,71]","(0.272,0.328]",1
"Bob Boone","R",74,195,0.254,105,"(185,208]","(71,74]","(0.216,0.272]",1
"Steve Kemp","L",72,195,0.278,130,"(185,208]","(71,74]","(0.272,0.328]",2
"Rick Burleson","R",70,165,0.273,50,"(162,185]","(68,71]","(0.272,0.328]",1
"Carl Taylor","R",74,200,0.266,10,"(185,208]","(71,74]","(0.216,0.272]",1
"Terry Harmon","R",74,180,0.233,4,"(162,185]","(71,74]","(0.216,0.272]",1
"Mike Hargrove","L",72,195,0.29,80,"(185,208]","(71,74]","(0.272,0.328]",2
"Steve Hovley","L",70,188,0.258,8,"(185,208]","(68,71]","(0.216,0.272]",2
"Don Leppert","R",74,220,0.229,15,"(208,230]","(71,74]","(0.216,0.272]",1
"Lee May","R",75,195,0.267,354,"(185,208]","(74,77]","(0.216,0.272]",1
"Sam McDowell","L",77,190,0.154,2,"(185,208]","(74,77]","(0.104,0.16]",2
"Rick Renick","R",72,188,0.221,20,"(185,208]","(71,74]","(0.216,0.272]",1
"Jeff Torborg","R",72,195,0.214,8,"(185,208]","(71,74]","(0.16,0.216]",1
"Dave Campbell","R",73,180,0.213,20,"(162,185]","(71,74]","(0.16,0.216]",1
"Pat Kelly","L",73,185,0.264,76,"(162,185]","(71,74]","(0.216,0.272]",2
"Al Weis","B",72,160,0.219,7,"(140,162]","(71,74]","(0.216,0.272]",3
"Jerry Turner","L",69,180,0.257,45,"(162,185]","(68,71]","(0.216,0.272]",2
"Rick Auerbach","R",72,165,0.22,9,"(162,185]","(71,74]","(0.216,0.272]",1
"Don Wilson","R",74,195,0.146,1,"(185,208]","(71,74]","(0.104,0.16]",1
"Sandy Valdespino","L",68,170,0.23,7,"(162,185]","(65,68]","(0.216,0.272]",2
"Ken Phelps","L",73,209,0.239,123,"(208,230]","(71,74]","(0.216,0.272]",2
"Cesar Cedeno","R",74,175,0.285,199,"(162,185]","(71,74]","(0.272,0.328]",1
"Phil Linz","R",73,180,0.235,11,"(162,185]","(71,74]","(0.216,0.272]",1
"Manny Mota","R",70,160,0.304,31,"(140,162]","(68,71]","(0.272,0.328]",1
"Steve Renko","R",77,230,0.215,6,"(208,230]","(74,77]","(0.16,0.216]",1
"Rick Sofield","L",73,195,0.243,9,"(185,208]","(71,74]","(0.216,0.272]",2
"Doug DeCinces","R",74,190,0.259,237,"(185,208]","(71,74]","(0.216,0.272]",1
"John Castino","R",71,175,0.278,41,"(162,185]","(68,71]","(0.272,0.328]",1
"Dave May","L",70,186,0.251,96,"(185,208]","(68,71]","(0.216,0.272]",2
"Ron Washington","R",71,155,0.261,20,"(140,162]","(68,71]","(0.216,0.272]",1
"Billy Grabarkewitz","R",70,165,0.236,28,"(162,185]","(68,71]","(0.216,0.272]",1
"Willie Aikens","L",75,220,0.271,110,"(208,230]","(74,77]","(0.216,0.272]",2
"Earl Williams","R",75,215,0.247,138,"(208,230]","(74,77]","(0.216,0.272]",1
"Don Hahn","R",73,180,0.236,7,"(162,185]","(71,74]","(0.216,0.272]",1
"Todd Cruz","R",72,175,0.22,34,"(162,185]","(71,74]","(0.216,0.272]",1
"Tom Egan","R",76,218,0.2,22,"(208,230]","(74,77]","(0.16,0.216]",1
"Bob Heise","R",72,175,0.247,1,"(162,185]","(71,74]","(0.216,0.272]",1
"Tommy Harper","R",69,165,0.257,146,"(162,185]","(68,71]","(0.216,0.272]",1
"Joe Wallis","B",71,180,0.244,16,"(162,185]","(68,71]","(0.216,0.272]",3
"Max Alvis","R",71,185,0.247,111,"(162,185]","(68,71]","(0.216,0.272]",1
"Rico Carty","R",75,200,0.299,204,"(185,208]","(74,77]","(0.272,0.328]",1
"Mike Cubbage","L",72,180,0.258,34,"(162,185]","(71,74]","(0.216,0.272]",2
"Merritt Ranew","L",71,170,0.247,8,"(162,185]","(68,71]","(0.216,0.272]",2
"Lyman Bostock","L",73,180,0.311,23,"(162,185]","(71,74]","(0.272,0.328]",2
"Damaso Garcia","R",73,165,0.283,36,"(162,185]","(71,74]","(0.272,0.328]",1
"Roy Howell","L",73,190,0.261,80,"(185,208]","(71,74]","(0.216,0.272]",2
"Boog Powell","L",76,230,0.266,339,"(208,230]","(74,77]","(0.216,0.272]",2
"Sonny Siebert","R",75,190,0.173,12,"(185,208]","(74,77]","(0.16,0.216]",1
"Bobby Darwin","R",74,190,0.251,83,"(185,208]","(71,74]","(0.216,0.272]",1
"Dan Driessen","L",71,187,0.267,153,"(185,208]","(68,71]","(0.216,0.272]",2
"Bruce Miller","R",73,185,0.246,1,"(162,185]","(71,74]","(0.216,0.272]",1
"Bob Bailor","R",71,170,0.264,9,"(162,185]","(68,71]","(0.216,0.272]",1
"Tommy Helms","R",70,165,0.269,34,"(162,185]","(68,71]","(0.216,0.272]",1
"Tony Armas","R",71,182,0.252,251,"(162,185]","(68,71]","(0.216,0.272]",1
"Willie Horton","R",71,209,0.273,325,"(208,230]","(68,71]","(0.272,0.328]",1
"Lou Piniella","R",72,182,0.291,102,"(162,185]","(71,74]","(0.272,0.328]",1
"Butch Hobson","R",73,193,0.248,98,"(185,208]","(71,74]","(0.216,0.272]",1
"John Wathan","R",74,205,0.262,21,"(185,208]","(71,74]","(0.216,0.272]",1
"Hal King","L",73,200,0.214,24,"(185,208]","(71,74]","(0.16,0.216]",2
"Mike Krukow","R",77,205,0.193,5,"(185,208]","(74,77]","(0.16,0.216]",1
"Andres Mora","R",72,180,0.223,27,"(162,185]","(71,74]","(0.216,0.272]",1
"Barry Foote","R",75,205,0.23,57,"(185,208]","(74,77]","(0.216,0.272]",1
"Ed Ott","L",70,190,0.259,33,"(185,208]","(68,71]","(0.216,0.272]",2
"Alan Wiggins","B",74,160,0.259,5,"(140,162]","(71,74]","(0.216,0.272]",3
"Ron Clark","R",70,175,0.189,5,"(162,185]","(68,71]","(0.16,0.216]",1
"Julio Gotay","R",72,180,0.26,6,"(162,185]","(71,74]","(0.216,0.272]",1
"Gary Alexander","R",74,195,0.23,55,"(185,208]","(71,74]","(0.216,0.272]",1
"Andre Thornton","R",75,200,0.254,253,"(185,208]","(74,77]","(0.216,0.272]",1
"Bob Oliver","R",75,205,0.256,94,"(185,208]","(74,77]","(0.216,0.272]",1
"Bob Robertson","R",73,195,0.242,115,"(185,208]","(71,74]","(0.216,0.272]",1
"Ollie Brown","R",74,178,0.265,102,"(162,185]","(71,74]","(0.216,0.272]",1
"Frank Quilici","R",73,170,0.214,5,"(162,185]","(71,74]","(0.16,0.216]",1
"Joe Pepitone","L",74,185,0.258,219,"(162,185]","(71,74]","(0.216,0.272]",2
"Steve Barber","L",72,195,0.115,5,"(185,208]","(71,74]","(0.104,0.16]",2
"Norm Miller","L",70,185,0.238,24,"(162,185]","(68,71]","(0.216,0.272]",2
"Bob Chance","L",74,196,0.261,24,"(185,208]","(71,74]","(0.216,0.272]",2
"Julio Cruz","B",69,165,0.237,23,"(162,185]","(68,71]","(0.216,0.272]",3
"Bill Sample","R",69,175,0.272,46,"(162,185]","(68,71]","(0.216,0.272]",1
"Craig Kusick","R",75,210,0.235,46,"(208,230]","(74,77]","(0.216,0.272]",1
"Rudy Meoli","L",69,165,0.212,2,"(162,185]","(68,71]","(0.16,0.216]",2
"Ruppert Jones","L",70,170,0.25,147,"(162,185]","(68,71]","(0.216,0.272]",2
"Glenn Hoffman","R",73,175,0.242,23,"(162,185]","(71,74]","(0.216,0.272]",1
"Russ Gibson","R",73,195,0.228,8,"(185,208]","(71,74]","(0.216,0.272]",1
"Terry Francona","L",73,190,0.274,16,"(185,208]","(71,74]","(0.272,0.328]",2
"John Bateman","R",75,210,0.23,81,"(208,230]","(74,77]","(0.216,0.272]",1
"Luis Pujols","R",74,175,0.193,6,"(162,185]","(71,74]","(0.16,0.216]",1
"Joe Gaines","R",73,190,0.241,21,"(185,208]","(71,74]","(0.216,0.272]",1
"Doug Rader","R",74,208,0.251,155,"(208,230]","(71,74]","(0.216,0.272]",1
"Mickey Stanley","R",73,185,0.248,117,"(162,185]","(71,74]","(0.216,0.272]",1
"Phil Bradley","R",72,185,0.286,78,"(162,185]","(71,74]","(0.272,0.328]",1
"Winston Llenas","R",70,165,0.23,3,"(162,185]","(68,71]","(0.216,0.272]",1
"Charlie Moore","R",71,180,0.261,36,"(162,185]","(68,71]","(0.216,0.272]",1
"Ralph Garr","L",71,185,0.306,75,"(162,185]","(68,71]","(0.272,0.328]",2
"Tommy John","R",75,180,0.157,5,"(162,185]","(74,77]","(0.104,0.16]",1
"Bruce Benedict","R",73,175,0.242,18,"(162,185]","(71,74]","(0.216,0.272]",1
"John Ellis","R",74,225,0.262,69,"(208,230]","(71,74]","(0.216,0.272]",1
"Wes Parker","B",73,180,0.267,64,"(162,185]","(71,74]","(0.216,0.272]",3
"David Green","R",75,170,0.268,31,"(162,185]","(74,77]","(0.216,0.272]",1
"Reid Nichols","R",71,165,0.266,22,"(162,185]","(68,71]","(0.216,0.272]",1
"Rick Reichardt","R",75,210,0.261,116,"(208,230]","(74,77]","(0.216,0.272]",1
"Luis Tiant","R",72,180,0.164,5,"(162,185]","(71,74]","(0.16,0.216]",1
"Broderick Perkins","L",70,180,0.271,8,"(162,185]","(68,71]","(0.216,0.272]",2
"Leon Roberts","R",75,200,0.267,78,"(185,208]","(74,77]","(0.216,0.272]",1
"Ray Burris","R",77,200,0.151,1,"(185,208]","(74,77]","(0.104,0.16]",1
"Len Gabrielson","L",76,210,0.253,37,"(208,230]","(74,77]","(0.216,0.272]",2
"Johnny Edwards","L",76,220,0.242,81,"(208,230]","(74,77]","(0.216,0.272]",2
"Tom Grieve","R",74,190,0.249,65,"(185,208]","(71,74]","(0.216,0.272]",1
"Bob Forsch","R",76,200,0.213,12,"(185,208]","(74,77]","(0.16,0.216]",1
"Danny Cater","R",72,170,0.276,66,"(162,185]","(71,74]","(0.272,0.328]",1
"Bill Schroeder","R",74,200,0.24,61,"(185,208]","(71,74]","(0.216,0.272]",1
"Clay Dalrymple","L",72,190,0.233,55,"(185,208]","(71,74]","(0.216,0.272]",2
"Carlos May","L",71,200,0.274,90,"(185,208]","(68,71]","(0.272,0.328]",2
"Reggie Smith","B",72,180,0.287,314,"(162,185]","(71,74]","(0.272,0.328]",3
"Davey Johnson","R",73,170,0.261,136,"(162,185]","(71,74]","(0.216,0.272]",1
"Ellis Valentine","R",76,205,0.278,123,"(185,208]","(74,77]","(0.272,0.328]",1
"Roy White","B",70,160,0.271,160,"(140,162]","(68,71]","(0.216,0.272]",3
"Mike Brumley","L",70,195,0.229,5,"(185,208]","(68,71]","(0.216,0.272]",2
"Al Luplow","L",70,175,0.235,33,"(162,185]","(68,71]","(0.216,0.272]",2
"Dick Allen","R",71,187,0.292,351,"(185,208]","(68,71]","(0.272,0.328]",1
"Doug Ault","R",75,200,0.236,17,"(185,208]","(74,77]","(0.216,0.272]",1
"Mark Wagner","R",72,165,0.243,3,"(162,185]","(71,74]","(0.216,0.272]",1
"Willie Stargell","L",74,188,0.282,475,"(185,208]","(71,74]","(0.272,0.328]",2
"Steve Carlton","L",76,210,0.201,13,"(208,230]","(74,77]","(0.16,0.216]",2
"Jake Wood","R",73,163,0.25,35,"(162,185]","(71,74]","(0.216,0.272]",1
"Del Unser","L",73,180,0.258,87,"(162,185]","(71,74]","(0.216,0.272]",2
"Bob Brower","R",71,185,0.242,17,"(162,185]","(68,71]","(0.216,0.272]",1
"Ray Culp","R",72,200,0.123,1,"(185,208]","(71,74]","(0.104,0.16]",1
"Ivan Murrell","R",74,195,0.236,33,"(185,208]","(71,74]","(0.216,0.272]",1
"Lee Mazzilli","B",73,180,0.259,93,"(162,185]","(71,74]","(0.216,0.272]",3
"Garth Iorg","R",71,170,0.258,20,"(162,185]","(68,71]","(0.216,0.272]",1
"Alan Ashby","B",74,185,0.245,90,"(162,185]","(71,74]","(0.216,0.272]",3
"Bob Brenly","R",74,210,0.247,91,"(208,230]","(71,74]","(0.216,0.272]",1
"Ron Blomberg","L",73,195,0.293,52,"(185,208]","(71,74]","(0.272,0.328]",2
"Jim Rooker","R",72,195,0.201,7,"(185,208]","(71,74]","(0.16,0.216]",1
"Tim Blackwell","B",71,170,0.228,6,"(162,185]","(68,71]","(0.216,0.272]",3
"Jerry Morales","R",70,155,0.259,95,"(140,162]","(68,71]","(0.216,0.272]",1
"Davey Lopes","R",69,170,0.263,155,"(162,185]","(68,71]","(0.216,0.272]",1
"Catfish Hunter","R",72,190,0.226,6,"(185,208]","(71,74]","(0.216,0.272]",1
"Mario Soto","R",72,174,0.132,1,"(162,185]","(71,74]","(0.104,0.16]",1
"Jimmy Wynn","R",70,160,0.25,291,"(140,162]","(68,71]","(0.216,0.272]",1
"Hank Allen","R",72,190,0.241,6,"(185,208]","(71,74]","(0.216,0.272]",1
"Jim Fregosi","R",73,190,0.265,151,"(185,208]","(71,74]","(0.216,0.272]",1
"Pepe Frias","R",70,159,0.24,1,"(140,162]","(68,71]","(0.216,0.272]",1
"Mike Schmidt","R",74,195,0.267,548,"(185,208]","(71,74]","(0.216,0.272]",1
"Willie Montanez","L",72,170,0.275,139,"(162,185]","(71,74]","(0.272,0.328]",2
"Rey Quinones","R",71,160,0.243,29,"(140,162]","(68,71]","(0.216,0.272]",1
"Mike Squires","L",71,185,0.26,6,"(162,185]","(68,71]","(0.216,0.272]",2
"Champ Summers","L",74,205,0.255,54,"(185,208]","(71,74]","(0.216,0.272]",2
"Bert Campaneris","R",70,160,0.259,79,"(140,162]","(68,71]","(0.216,0.272]",1
"Bobby Valentine","R",70,189,0.26,12,"(185,208]","(68,71]","(0.216,0.272]",1
"Rob Andrews","R",72,185,0.251,3,"(162,185]","(71,74]","(0.216,0.272]",1
"Tom Haller","L",76,195,0.257,134,"(185,208]","(74,77]","(0.216,0.272]",2
"Ed Stroud","L",71,180,0.237,14,"(162,185]","(68,71]","(0.216,0.272]",2
"Ron Swoboda","R",74,195,0.242,73,"(185,208]","(71,74]","(0.216,0.272]",1
"Harry Spilman","L",73,180,0.237,18,"(162,185]","(71,74]","(0.216,0.272]",2
"Bob Barton","R",72,175,0.226,9,"(162,185]","(71,74]","(0.216,0.272]",1
"Daryl Sconiers","L",74,185,0.265,15,"(162,185]","(71,74]","(0.216,0.272]",2
"Joe Torre","R",74,212,0.297,252,"(208,230]","(71,74]","(0.272,0.328]",1
"Al Ferrara","R",73,200,0.259,51,"(185,208]","(71,74]","(0.216,0.272]",1
"Sixto Lezcano","R",70,165,0.271,148,"(162,185]","(68,71]","(0.216,0.272]",1
"Dave Nicholson","R",74,215,0.212,61,"(208,230]","(71,74]","(0.16,0.216]",1
"Freddie Patek","R",65,148,0.242,41,"(140,162]","(65,68]","(0.216,0.272]",1
"Ken Hubbs","R",74,175,0.247,14,"(162,185]","(71,74]","(0.216,0.272]",1
"Pepe Mangual","R",70,157,0.242,16,"(140,162]","(68,71]","(0.216,0.272]",1
"Leron Lee","L",72,196,0.25,31,"(185,208]","(71,74]","(0.216,0.272]",2
"Steve Ontiveros","B",72,185,0.274,24,"(162,185]","(71,74]","(0.272,0.328]",3
"Willie Davis","L",74,180,0.279,182,"(162,185]","(71,74]","(0.272,0.328]",2
"Tom Lawless","R",71,170,0.207,2,"(162,185]","(68,71]","(0.16,0.216]",1
"Jerry Moses","R",75,210,0.251,25,"(208,230]","(74,77]","(0.216,0.272]",1
"Bobby Bonds","R",73,190,0.268,332,"(185,208]","(71,74]","(0.216,0.272]",1
"Dave McNally","R",71,185,0.133,9,"(162,185]","(68,71]","(0.104,0.16]",1
"Darrell Brown","B",72,184,0.274,1,"(162,185]","(71,74]","(0.272,0.328]",3
"Roy Foster","R",72,185,0.253,45,"(162,185]","(71,74]","(0.216,0.272]",1
"Denis Menke","R",72,185,0.25,101,"(162,185]","(71,74]","(0.216,0.272]",1
"Hal Breeden","R",74,200,0.243,21,"(185,208]","(71,74]","(0.216,0.272]",1
"Manny Trillo","R",73,150,0.263,61,"(140,162]","(71,74]","(0.216,0.272]",1
"Jackie Gutierrez","R",71,175,0.237,4,"(162,185]","(68,71]","(0.216,0.272]",1
"Jerry Kenney","L",73,170,0.237,7,"(162,185]","(71,74]","(0.216,0.272]",2
"Fred Kendall","R",73,185,0.234,31,"(162,185]","(71,74]","(0.216,0.272]",1
"Mike Anderson","R",74,200,0.246,28,"(185,208]","(71,74]","(0.216,0.272]",1
"Joe Charboneau","R",74,205,0.266,29,"(185,208]","(71,74]","(0.216,0.272]",1
"Jimmie Schaffer","R",69,170,0.223,11,"(162,185]","(68,71]","(0.216,0.272]",1
"Junior Kennedy","R",71,175,0.248,4,"(162,185]","(68,71]","(0.216,0.272]",1
"Wilbur Howard","B",74,170,0.25,6,"(162,185]","(71,74]","(0.216,0.272]",3
"Rod Gilbreath","R",74,180,0.248,14,"(162,185]","(71,74]","(0.216,0.272]",1
"Mark Brouhard","R",73,210,0.259,25,"(208,230]","(71,74]","(0.216,0.272]",1
"Mike Young","B",74,195,0.247,72,"(185,208]","(71,74]","(0.216,0.272]",3
"Chris Speier","R",73,175,0.246,112,"(162,185]","(71,74]","(0.216,0.272]",1
"Gene Michael","B",74,183,0.229,15,"(162,185]","(71,74]","(0.216,0.272]",3
"Vic Harris","B",71,165,0.217,13,"(162,185]","(68,71]","(0.216,0.272]",3
"Mike Fischlin","R",73,165,0.22,3,"(162,185]","(71,74]","(0.216,0.272]",1
"Don Money","R",73,170,0.261,176,"(162,185]","(71,74]","(0.216,0.272]",1
"Joe Rudi","R",74,200,0.264,179,"(185,208]","(71,74]","(0.216,0.272]",1
"Jim Rice","R",74,200,0.298,382,"(185,208]","(71,74]","(0.272,0.328]",1
"Gil Garrido","R",69,150,0.237,1,"(140,162]","(68,71]","(0.216,0.272]",1
"Marty Perez","R",71,160,0.246,22,"(140,162]","(68,71]","(0.216,0.272]",1
"Tom Matchick","L",73,173,0.215,4,"(162,185]","(71,74]","(0.16,0.216]",2
"Jack Perconte","L",70,160,0.27,2,"(140,162]","(68,71]","(0.216,0.272]",2
"Ed Kirkpatrick","L",71,195,0.238,85,"(185,208]","(68,71]","(0.216,0.272]",2
"Jerry Grote","R",70,185,0.252,39,"(162,185]","(68,71]","(0.216,0.272]",1
"Ellie Hendricks","L",73,175,0.22,62,"(162,185]","(71,74]","(0.216,0.272]",2
"Jim Beauchamp","R",74,190,0.231,14,"(185,208]","(71,74]","(0.216,0.272]",1
"Tito Fuentes","B",71,175,0.268,45,"(162,185]","(68,71]","(0.216,0.272]",3
"Ron Brand","R",67,167,0.239,3,"(162,185]","(65,68]","(0.216,0.272]",1
"Leo Cardenas","R",71,150,0.257,118,"(140,162]","(68,71]","(0.216,0.272]",1
"Art Shamsky","L",73,168,0.253,68,"(162,185]","(71,74]","(0.216,0.272]",2
"Ron Cey","R",70,185,0.261,316,"(162,185]","(68,71]","(0.216,0.272]",1
"Skip Jutze","R",71,190,0.215,3,"(185,208]","(68,71]","(0.16,0.216]",1
"Butch Wynegar","B",73,190,0.255,65,"(185,208]","(71,74]","(0.216,0.272]",3
"Ron LeFlore","R",72,200,0.288,59,"(185,208]","(71,74]","(0.272,0.328]",1
"Bill Russell","R",72,175,0.263,46,"(162,185]","(71,74]","(0.216,0.272]",1
"Gene Tenace","R",72,190,0.241,201,"(185,208]","(71,74]","(0.216,0.272]",1
"Bubba Morton","R",70,175,0.267,14,"(162,185]","(68,71]","(0.216,0.272]",1
"Ellie Rodriguez","R",71,185,0.245,16,"(162,185]","(68,71]","(0.216,0.272]",1
"Darrel Chaney","B",74,188,0.217,14,"(185,208]","(71,74]","(0.216,0.272]",3
"Dick Nen","L",74,200,0.224,21,"(185,208]","(71,74]","(0.216,0.272]",2
"Bill Freehan","R",75,203,0.262,200,"(185,208]","(74,77]","(0.216,0.272]",1
"Steve Nicosia","R",70,185,0.248,11,"(162,185]","(68,71]","(0.216,0.272]",1
"Ted Savage","R",73,185,0.233,34,"(162,185]","(71,74]","(0.216,0.272]",1
"Pete Mackanin","R",74,190,0.226,30,"(185,208]","(71,74]","(0.216,0.272]",1
"Rich Dauer","R",72,180,0.257,43,"(162,185]","(71,74]","(0.216,0.272]",1
"Rowland Office","L",72,170,0.259,32,"(162,185]","(71,74]","(0.216,0.272]",2
"Rick Leach","L",73,180,0.268,18,"(162,185]","(71,74]","(0.216,0.272]",2
"Dwayne Murphy","L",73,185,0.246,166,"(162,185]","(71,74]","(0.216,0.272]",2
"Larry Harlow","L",74,185,0.248,12,"(162,185]","(71,74]","(0.216,0.272]",2
"Mike Epstein","L",75,230,0.244,130,"(208,230]","(74,77]","(0.216,0.272]",2
"Jerry Mumphrey","B",74,185,0.289,70,"(162,185]","(71,74]","(0.272,0.328]",3
"Glenn Beckert","R",73,190,0.283,22,"(185,208]","(71,74]","(0.272,0.328]",1
"Ron Davis","R",72,175,0.233,10,"(162,185]","(71,74]","(0.216,0.272]",1
"Mike Shannon","R",75,195,0.255,68,"(185,208]","(74,77]","(0.216,0.272]",1
"Jason Thompson","L",76,200,0.261,208,"(185,208]","(74,77]","(0.216,0.272]",2
"Wayne Tolleson","B",69,160,0.241,9,"(140,162]","(68,71]","(0.216,0.272]",3
"Mike Jorgensen","L",72,195,0.243,95,"(185,208]","(71,74]","(0.216,0.272]",2
"Ed Romero","R",71,160,0.247,8,"(140,162]","(68,71]","(0.216,0.272]",1
"Rick Joseph","R",73,192,0.243,13,"(185,208]","(71,74]","(0.216,0.272]",1
"Cecil Cooper","L",74,165,0.298,241,"(162,185]","(71,74]","(0.272,0.328]",2
"Bill Almon","R",75,180,0.254,36,"(162,185]","(74,77]","(0.216,0.272]",1
"Joe Ferguson","R",74,200,0.24,122,"(185,208]","(71,74]","(0.216,0.272]",1
"Jerry Terrell","R",71,165,0.253,4,"(162,185]","(68,71]","(0.216,0.272]",1
"Dave Revering","L",76,210,0.265,62,"(208,230]","(74,77]","(0.216,0.272]",2
"Curt Ford","L",70,150,0.245,7,"(140,162]","(68,71]","(0.216,0.272]",2
"Jerry Dybzinski","R",74,180,0.234,3,"(162,185]","(71,74]","(0.216,0.272]",1
"Bob Burda","L",71,174,0.224,13,"(162,185]","(68,71]","(0.216,0.272]",2
"Jesse Gonder","L",70,180,0.251,26,"(162,185]","(68,71]","(0.216,0.272]",2
"Gary Sutherland","R",72,185,0.243,24,"(162,185]","(71,74]","(0.216,0.272]",1
"Bob Coluccio","R",71,183,0.22,26,"(162,185]","(68,71]","(0.216,0.272]",1
"Dave Rader","L",71,165,0.257,30,"(162,185]","(68,71]","(0.216,0.272]",2
"Ron Gardenhire","R",72,175,0.232,4,"(162,185]","(71,74]","(0.216,0.272]",1
"Bill Sharp","L",70,178,0.255,9,"(162,185]","(68,71]","(0.216,0.272]",2
"Alan Bannister","R",71,170,0.27,19,"(162,185]","(68,71]","(0.216,0.272]",1
"Bob Watson","R",72,201,0.295,184,"(185,208]","(71,74]","(0.272,0.328]",1
"Ken Harrelson","R",74,190,0.239,131,"(185,208]","(71,74]","(0.216,0.272]",1
"Bobby Wine","R",73,187,0.215,30,"(185,208]","(71,74]","(0.16,0.216]",1
"John Kennedy","R",72,185,0.225,32,"(162,185]","(71,74]","(0.216,0.272]",1
"Chico Ruiz","B",72,169,0.24,2,"(162,185]","(71,74]","(0.216,0.272]",3
"Gail Hopkins","L",70,198,0.266,25,"(185,208]","(68,71]","(0.216,0.272]",2
"Doug Frobel","L",76,196,0.201,20,"(185,208]","(74,77]","(0.16,0.216]",2
"Luis Melendez","R",72,165,0.248,9,"(162,185]","(71,74]","(0.216,0.272]",1
"Bill Plummer","R",73,190,0.188,14,"(185,208]","(71,74]","(0.16,0.216]",1
"Buck Rodgers","B",74,190,0.232,31,"(185,208]","(71,74]","(0.216,0.272]",3
"Phil Niekro","R",73,180,0.169,7,"(162,185]","(71,74]","(0.16,0.216]",1
"Tom Poquette","L",70,175,0.268,10,"(162,185]","(68,71]","(0.216,0.272]",2
"Brian Asselstine","L",73,175,0.254,12,"(162,185]","(71,74]","(0.216,0.272]",2
"Rick Miller","L",72,175,0.269,28,"(162,185]","(71,74]","(0.216,0.272]",2
"Ed Charles","R",70,170,0.263,86,"(162,185]","(68,71]","(0.216,0.272]",1
"Floyd Rayford","R",70,190,0.244,38,"(185,208]","(68,71]","(0.216,0.272]",1
"Tony Conigliaro","R",75,185,0.264,166,"(162,185]","(74,77]","(0.216,0.272]",1
"Jim Barr","R",75,205,0.162,1,"(185,208]","(74,77]","(0.16,0.216]",1
"Jerry Remy","L",69,165,0.275,7,"(162,185]","(68,71]","(0.272,0.328]",2
"Frank Duffy","R",73,180,0.232,26,"(162,185]","(71,74]","(0.216,0.272]",1
"Tom O'Malley","L",72,180,0.256,13,"(162,185]","(71,74]","(0.216,0.272]",2
"Phil Garner","R",70,175,0.26,109,"(162,185]","(68,71]","(0.216,0.272]",1
